일자별 시간표 내역을 입력합니다,,,,교시별 세부 시간표 내역을 입력합니다,,,,
훈련일자,훈련시작시간,훈련종료시간,방학여부,시작시간,시간구분,훈련강사코드,교육장소(강의실)코드,교과목(및 능력단위)코드
20201214,0900,1800,N,0900,1,김병선,YGL_C1(실습겸용강의실)_222802,특강_특강_13
20201214,0900,1800,N,1200,2,,,
20201214,0900,1800,N,1300,1,김병선,YGL_C1(실습겸용강의실)_222802,특강_특강_13
20201215,0900,1800,N,0900,1,이미향_52666,YGL_C1(실습겸용강의실)_222802,개발기초 역량교육_디지털 트랜스포메이션_2
20201215,0900,1800,N,1200,2,,,
20201215,0900,1800,N,1300,1,이미향_52666,YGL_C1(실습겸용강의실)_222802,개발기초 역량교육_디지털 트랜스포메이션_2
20201216,0900,1800,N,0900,1,이미향_52666,YGL_C1(실습겸용강의실)_222802,개발기초 역량교육_디지털 트랜스포메이션_2
20201216,0900,1800,N,1200,2,,,
20201216,0900,1800,N,1300,1,이미향_52666,YGL_C1(실습겸용강의실)_222802,개발기초 역량교육_디지털 트랜스포메이션_2
20201217,0900,1800,N,0900,1,이미향_52666,YGL_C1(실습겸용강의실)_222802,개발기초 역량교육_Python 기본_2
20201217,0900,1800,N,1200,2,,,
20201217,0900,1800,N,1300,1,이미향_52666,YGL_C1(실습겸용강의실)_222802,개발기초 역량교육_Python 기본_2
20201218,0900,1800,N,0900,1,이미향_52666,YGL_C1(실습겸용강의실)_222802,개발기초 역량교육_Python 기본_2
20201218,0900,1800,N,1200,2,,,
20201218,0900,1800,N,1300,1,이미향_52666,YGL_C1(실습겸용강의실)_222802,개발기초 역량교육_Python 기본_2
20201221,0900,1800,N,0900,1,이미향_52666,YGL_C1(실습겸용강의실)_222802,개발기초 역량교육_Python 기본_2
20201221,0900,1800,N,1200,2,,,
20201221,0900,1800,N,1300,1,이미향_52666,YGL_C1(실습겸용강의실)_222802,개발기초 역량교육_Python 기본_2
20201222,0900,1800,N,0900,1,이미향_52666,YGL_C1(실습겸용강의실)_222802,개발기초 역량교육_Python 실무_2
20201222,0900,1800,N,1200,2,,,
20201222,0900,1800,N,1300,1,이미향_52666,YGL_C1(실습겸용강의실)_222802,개발기초 역량교육_Python 실무_2
20201223,0900,1800,N,0900,1,이미향_52666,YGL_C1(실습겸용강의실)_222802,개발기초 역량교육_Python 실무_2
20201223,0900,1800,N,1200,2,,,
20201223,0900,1800,N,1300,1,이미향_52666,YGL_C1(실습겸용강의실)_222802,개발기초 역량교육_Python 실무_2
20201224,0900,1800,N,0900,1,이미향_52666,YGL_C1(실습겸용강의실)_222802,개발기초 역량교육_Python 실무_2
20201224,0900,1800,N,1200,2,,,
20201224,0900,1800,N,1300,1,이미향_52666,YGL_C1(실습겸용강의실)_222802,개발기초 역량교육_Python 실무_2
20201228,0900,1800,N,0900,1,이미향_52666,YGL_C1(실습겸용강의실)_222802,개발기초 역량교육_Python 실무_2
20201228,0900,1800,N,1200,2,,,
20201228,0900,1800,N,1300,1,이미향_52666,YGL_C1(실습겸용강의실)_222802,개발기초 역량교육_Python 실무_2
20201229,0900,1800,N,0900,1,이미향_52666,YGL_C1(실습겸용강의실)_222802,개발기초 역량교육_Python 실무_2
20201229,0900,1800,N,1200,2,,,
20201229,0900,1800,N,1300,1,이미향_52666,YGL_C1(실습겸용강의실)_222802,개발기초 역량교육_Python 실무_2
20210104,0900,1800,N,0900,1,이미향_52666,YGL_C1(실습겸용강의실)_222802,기계학습_기계학습 이해_3
20210104,0900,1800,N,1200,2,,,
20210104,0900,1800,N,1300,1,이미향_52666,YGL_C1(실습겸용강의실)_222802,기계학습_기계학습 이해_3
20210105,0900,1800,N,0900,1,이미향_52666,YGL_C1(실습겸용강의실)_222802,기계학습_데이터 전처리_3
20210105,0900,1800,N,1200,2,,,
20210105,0900,1800,N,1300,1,이미향_52666,YGL_C1(실습겸용강의실)_222802,기계학습_데이터 전처리_3
20210106,0900,1800,N,0900,1,이미향_52666,YGL_C1(실습겸용강의실)_222802,기계학습_데이터시각화_3
20210106,0900,1800,N,1200,2,,,
20210106,0900,1800,N,1300,1,이미향_52666,YGL_C1(실습겸용강의실)_222802,기계학습_데이터시각화_3
20210107,0900,1800,N,0900,1,이미향_52666,YGL_C1(실습겸용강의실)_222802,"기계학습_Feature Selection, Feature Ext..._3"
20210107,0900,1800,N,1200,2,,,
20210107,0900,1800,N,1300,1,이미향_52666,YGL_C1(실습겸용강의실)_222802,"기계학습_Feature Selection, Feature Ext..._3"
20210108,0900,1800,N,0900,1,이미향_52666,YGL_C1(실습겸용강의실)_222802,기계학습_Clustering_3
20210108,0900,1800,N,1200,2,,,
20210108,0900,1800,N,1300,1,이미향_52666,YGL_C1(실습겸용강의실)_222802,기계학습_Clustering_3
20210111,0900,1800,N,0900,1,이미향_52666,YGL_C1(실습겸용강의실)_222802,기계학습_분류/희귀분석모델_3
20210111,0900,1800,N,1200,2,,,
20210111,0900,1800,N,1300,1,이미향_52666,YGL_C1(실습겸용강의실)_222802,기계학습_분류/희귀분석모델_3
20210112,0900,1800,N,0900,1,이미향_52666,YGL_C1(실습겸용강의실)_222802,기계학습_기초확률과 통계학습_3
20210112,0900,1800,N,1200,2,,,
20210112,0900,1800,N,1300,1,이미향_52666,YGL_C1(실습겸용강의실)_222802,기계학습_기초확률과 통계학습_3
20210113,0900,1800,N,0900,1,이미향_52666,YGL_C1(실습겸용강의실)_222802,기계학습_확률기반 모델_3
20210113,0900,1800,N,1200,2,,,
20210113,0900,1800,N,1300,1,이미향_52666,YGL_C1(실습겸용강의실)_222802,기계학습_확률기반 모델_3
20210114,0900,1800,N,0900,1,이미향_52666,YGL_C1(실습겸용강의실)_222802,기계학습_Ensemble기법_3
20210114,0900,1800,N,1200,2,,,
20210114,0900,1800,N,1300,1,이미향_52666,YGL_C1(실습겸용강의실)_222802,기계학습_Ensemble기법_3
20210115,0900,1800,N,0900,1,이미향_52666,YGL_C1(실습겸용강의실)_222802,기계학습_강화학습_3
20210115,0900,1800,N,1200,2,,,
20210115,0900,1800,N,1300,1,이미향_52666,YGL_C1(실습겸용강의실)_222802,기계학습_강화학습_3
20210118,0900,1800,N,0900,1,이미향_52666,YGL_C1(실습겸용강의실)_222802,기계학습_강화학습2_3
20210118,0900,1800,N,1200,2,,,
20210118,0900,1800,N,1300,1,이미향_52666,YGL_C1(실습겸용강의실)_222802,기계학습_강화학습2_3
20210119,0900,1800,N,0900,1,이미향_52666,YGL_C1(실습겸용강의실)_222802,딥러닝 기본_딥러닝 이해_5
20210119,0900,1800,N,1200,2,,,
20210119,0900,1800,N,1300,1,이미향_52666,YGL_C1(실습겸용강의실)_222802,딥러닝 기본_딥러닝 이해_5
20210120,0900,1800,N,0900,1,이미향_52666,YGL_C1(실습겸용강의실)_222802,딥러닝 기본_DNN_5
20210120,0900,1800,N,1200,2,,,
20210120,0900,1800,N,1300,1,이미향_52666,YGL_C1(실습겸용강의실)_222802,딥러닝 기본_DNN_5
20210121,0900,1800,N,0900,1,이미향_52666,YGL_C1(실습겸용강의실)_222802,딥러닝 기본_DNN_5
20210121,0900,1800,N,1200,2,,,
20210121,0900,1800,N,1300,1,이미향_52666,YGL_C1(실습겸용강의실)_222802,딥러닝 기본_DNN_5
20210122,0900,1800,N,0900,1,이미향_52666,YGL_C1(실습겸용강의실)_222802,딥러닝 기본_CNN_5
20210122,0900,1800,N,1200,2,,,
20210122,0900,1800,N,1300,1,이미향_52666,YGL_C1(실습겸용강의실)_222802,딥러닝 기본_CNN_5
20210125,0900,1800,N,0900,1,이미향_52666,YGL_C1(실습겸용강의실)_222802,딥러닝 기본_CNN_5
20210125,0900,1800,N,1200,2,,,
20210125,0900,1800,N,1300,1,이미향_52666,YGL_C1(실습겸용강의실)_222802,딥러닝 기본_CNN_5
20210126,0900,1800,N,0900,1,이미향_52666,YGL_C1(실습겸용강의실)_222802,딥러닝 기본_RNN_5
20210126,0900,1800,N,1200,2,,,
20210126,0900,1800,N,1300,1,이미향_52666,YGL_C1(실습겸용강의실)_222802,딥러닝 기본_RNN_5
20210127,0900,1800,N,0900,1,이미향_52666,YGL_C1(실습겸용강의실)_222802,딥러닝 기본_RNN_5
20210127,0900,1800,N,1200,2,,,
20210127,0900,1800,N,1300,1,이미향_52666,YGL_C1(실습겸용강의실)_222802,딥러닝 기본_RNN_5
20210128,0900,1800,N,0900,1,이미향_52666,YGL_C1(실습겸용강의실)_222802,딥러닝 기본_다양한 딥러닝 기법_5
20210128,0900,1800,N,1200,2,,,
20210128,0900,1800,N,1300,1,이미향_52666,YGL_C1(실습겸용강의실)_222802,딥러닝 기본_다양한 딥러닝 기법_5
20210129,0900,1800,N,0900,1,이미향_52666,YGL_C1(실습겸용강의실)_222802,딥러닝 기본_다양한 딥러닝 기법_5
20210129,0900,1800,N,1200,2,,,
20210129,0900,1800,N,1300,1,이미향_52666,YGL_C1(실습겸용강의실)_222802,딥러닝 기본_다양한 딥러닝 기법_5
20210201,0900,1800,N,0900,1,이미향_52666,YGL_C1(실습겸용강의실)_222802,자연어 처리_자연어 처리_10
20210201,0900,1800,N,1200,2,,,
20210201,0900,1800,N,1300,1,이미향_52666,YGL_C1(실습겸용강의실)_222802,자연어 처리_자연어 처리_10
20210202,0900,1800,N,0900,1,이미향_52666,YGL_C1(실습겸용강의실)_222802,자연어 처리_자연어 처리기술의 이해_10
20210202,0900,1800,N,1200,2,,,
20210202,0900,1800,N,1300,1,이미향_52666,YGL_C1(실습겸용강의실)_222802,자연어 처리_자연어 처리기술의 이해_10
20210203,0900,1800,N,0900,1,이미향_52666,YGL_C1(실습겸용강의실)_222802,자연어 처리_자연어처리 시스템의 이해_10
20210203,0900,1800,N,1200,2,,,
20210203,0900,1800,N,1300,1,이미향_52666,YGL_C1(실습겸용강의실)_222802,자연어 처리_자연어처리 시스템의 이해_10
20210204,0900,1800,N,0900,1,이미향_52666,YGL_C1(실습겸용강의실)_222802,자연어 처리_기계학습과 자연어처리 시스템_10
20210204,0900,1800,N,1200,2,,,
20210204,0900,1800,N,1300,1,이미향_52666,YGL_C1(실습겸용강의실)_222802,자연어 처리_기계학습과 자연어처리 시스템_10
20210205,0900,1800,N,0900,1,이미향_52666,YGL_C1(실습겸용강의실)_222802,자연어 처리_기계학습과 자연어처리 시스템_10
20210205,0900,1800,N,1200,2,,,
20210205,0900,1800,N,1300,1,이미향_52666,YGL_C1(실습겸용강의실)_222802,자연어 처리_기계학습과 자연어처리 시스템_10
20210208,0900,1800,N,0900,1,이미향_52666,YGL_C1(실습겸용강의실)_222802,자연어 처리_자연어처리 오픈소스 프로젝트_10
20210208,0900,1800,N,1200,2,,,
20210208,0900,1800,N,1300,1,이미향_52666,YGL_C1(실습겸용강의실)_222802,자연어 처리_자연어처리 오픈소스 프로젝트_10
20210209,0900,1800,N,0900,1,이미향_52666,YGL_C1(실습겸용강의실)_222802,자연어 처리_자연어처리 오픈소스 프로젝트_10
20210209,0900,1800,N,1200,2,,,
20210209,0900,1800,N,1300,1,이미향_52666,YGL_C1(실습겸용강의실)_222802,자연어 처리_자연어처리 오픈소스 프로젝트_10
20210215,0900,1800,N,0900,1,이미향_52666,YGL_C1(실습겸용강의실)_222802,컴퓨터 비전_픽셀 데이터 처리를 위한 이미지 처리_12
20210215,0900,1800,N,1200,2,,,
20210215,0900,1800,N,1300,1,이미향_52666,YGL_C1(실습겸용강의실)_222802,컴퓨터 비전_픽셀 데이터 처리를 위한 이미지 처리_12
20210216,0900,1800,N,0900,1,이미향_52666,YGL_C1(실습겸용강의실)_222802,컴퓨터 비전_픽셀 데이터 처리를 위한 이미지 처리_12
20210216,0900,1800,N,1200,2,,,
20210216,0900,1800,N,1300,1,이미향_52666,YGL_C1(실습겸용강의실)_222802,컴퓨터 비전_픽셀 데이터 처리를 위한 이미지 처리_12
20210217,0900,1800,N,0900,1,이미향_52666,YGL_C1(실습겸용강의실)_222802,컴퓨터 비전_시각인지를 위한 딥러닝_12
20210217,0900,1800,N,1200,2,,,
20210217,0900,1800,N,1300,1,이미향_52666,YGL_C1(실습겸용강의실)_222802,컴퓨터 비전_시각인지를 위한 딥러닝_12
20210218,0900,1800,N,0900,1,이미향_52666,YGL_C1(실습겸용강의실)_222802,컴퓨터 비전_시각인지를 위한 딥러닝_12
20210218,0900,1800,N,1200,2,,,
20210218,0900,1800,N,1300,1,이미향_52666,YGL_C1(실습겸용강의실)_222802,컴퓨터 비전_시각인지를 위한 딥러닝_12
20210219,0900,1800,N,0900,1,이미향_52666,YGL_C1(실습겸용강의실)_222802,컴퓨터 비전_딥러닝 시각 인지 아키텍쳐 이해_12
20210219,0900,1800,N,1200,2,,,
20210219,0900,1800,N,1300,1,이미향_52666,YGL_C1(실습겸용강의실)_222802,컴퓨터 비전_딥러닝 시각 인지 아키텍쳐 이해_12
20210222,0900,1800,N,0900,1,이미향_52666,YGL_C1(실습겸용강의실)_222802,컴퓨터 비전_딥러닝 시각 인지 아키텍쳐 이해_12
20210222,0900,1800,N,1200,2,,,
20210222,0900,1800,N,1300,1,이미향_52666,YGL_C1(실습겸용강의실)_222802,컴퓨터 비전_딥러닝 시각 인지 아키텍쳐 이해_12
20210223,0900,1800,N,0900,1,이미향_52666,YGL_C1(실습겸용강의실)_222802,컴퓨터 비전_딥러닝 기반 영상처리 프로젝트_12
20210223,0900,1800,N,1200,2,,,
20210223,0900,1800,N,1300,1,이미향_52666,YGL_C1(실습겸용강의실)_222802,컴퓨터 비전_딥러닝 기반 영상처리 프로젝트_12
20210224,0900,1800,N,0900,1,이미향_52666,YGL_C1(실습겸용강의실)_222802,컴퓨터 비전_딥러닝 기반 영상처리 프로젝트_12
20210224,0900,1800,N,1200,2,,,
20210224,0900,1800,N,1300,1,이미향_52666,YGL_C1(실습겸용강의실)_222802,컴퓨터 비전_딥러닝 기반 영상처리 프로젝트_12
20210225,0900,1800,N,0900,1,이미향_52666,YGL_C1(실습겸용강의실)_222802,지능형 IoT_아두이노 플랫폼_11
20210225,0900,1800,N,1200,2,,,
20210225,0900,1800,N,1300,1,이미향_52666,YGL_C1(실습겸용강의실)_222802,지능형 IoT_아두이노 플랫폼_11
20210226,0900,1800,N,0900,1,이미향_52666,YGL_C1(실습겸용강의실)_222802,지능형 IoT_타이젠 플랫폼_11
20210226,0900,1800,N,1200,2,,,
20210226,0900,1800,N,1300,1,이미향_52666,YGL_C1(실습겸용강의실)_222802,지능형 IoT_타이젠 플랫폼_11
20210302,0900,1800,N,0900,1,이미향_52666,YGL_C1(실습겸용강의실)_222802,지능형 IoT_사물인터넷 통신_11
20210302,0900,1800,N,1200,2,,,
20210302,0900,1800,N,1300,1,이미향_52666,YGL_C1(실습겸용강의실)_222802,지능형 IoT_사물인터넷 통신_11
20210303,0900,1800,N,0900,1,이미향_52666,YGL_C1(실습겸용강의실)_222802,지능형 IoT_딥러닝 지능형 IoT_11
20210303,0900,1800,N,1200,2,,,
20210303,0900,1800,N,1300,1,이미향_52666,YGL_C1(실습겸용강의실)_222802,지능형 IoT_딥러닝 지능형 IoT_11
20210304,0900,1800,N,0900,1,강경원_1618741,YGL_C1(실습겸용강의실)_222802,특강_특강_13
20210304,0900,1800,N,1200,2,,,
20210304,0900,1800,N,1300,1,강경원_1618741,YGL_C1(실습겸용강의실)_222802,특강_특강_13
20210305,0900,1800,N,0900,1,강경원_1618741,YGL_C1(실습겸용강의실)_222802,특강_특강_13
20210305,0900,1800,N,1200,2,,,
20210305,0900,1800,N,1300,1,강경원_1618741,YGL_C1(실습겸용강의실)_222802,특강_특강_13
20210306,0900,1800,N,0900,1,박철훈_1425143,YGL_C1(실습겸용강의실)_222802,멘토링_멘토링_6
20210306,0900,1800,N,1200,2,,,
20210306,0900,1800,N,1300,1,박철훈_1425143,YGL_C1(실습겸용강의실)_222802,멘토링_멘토링_6
20210308,0900,1800,N,0900,1,이미향_52666,YGL_C1(실습겸용강의실)_222802,세미 프로젝트1_파이썬 응용프로젝트 계획_7
20210308,0900,1800,N,1200,2,,,
20210308,0900,1800,N,1300,1,이미향_52666,YGL_C1(실습겸용강의실)_222802,세미 프로젝트1_파이썬 응용프로젝트 계획_7
20210309,0900,1800,N,0900,1,이미향_52666,YGL_C1(실습겸용강의실)_222802,세미 프로젝트1_스케쥴링과 인프라 구축_7
20210309,0900,1800,N,1200,2,,,
20210309,0900,1800,N,1300,1,이미향_52666,YGL_C1(실습겸용강의실)_222802,세미 프로젝트1_프로젝트 기획_7
20210310,0900,1800,N,0900,1,이미향_52666,YGL_C1(실습겸용강의실)_222802,세미 프로젝트1_프로젝트 시스템 설계_7
20210310,0900,1800,N,1200,2,,,
20210310,0900,1800,N,1300,1,이미향_52666,YGL_C1(실습겸용강의실)_222802,세미 프로젝트1_프로젝트 시스템 설계_7
20210311,0900,1800,N,0900,1,이미향_52666,YGL_C1(실습겸용강의실)_222802,세미 프로젝트1_프로젝트 개발_7
20210311,0900,1800,N,1200,2,,,
20210311,0900,1800,N,1300,1,이미향_52666,YGL_C1(실습겸용강의실)_222802,세미 프로젝트1_프로젝트 개발_7
20210312,0900,1800,N,0900,1,이미향_52666,YGL_C1(실습겸용강의실)_222802,세미 프로젝트1_프로젝트 테스트_7
20210312,0900,1800,N,1200,2,,,
20210312,0900,1800,N,1300,1,이미향_52666,YGL_C1(실습겸용강의실)_222802,세미 프로젝트1_프로젝트 테스트_7
20210313,0900,1800,N,0900,1,박철훈_1425143,YGL_C1(실습겸용강의실)_222802,멘토링_멘토링_6
20210313,0900,1800,N,1200,2,,,
20210313,0900,1800,N,1300,1,박철훈_1425143,YGL_C1(실습겸용강의실)_222802,멘토링_멘토링_6
20210316,0900,1800,N,0900,1,구정은_52718,YGL_C1(실습겸용강의실)_222802,세미 프로젝트2_추론탐색알고리즘 프로젝트 계획_8
20210316,0900,1800,N,1200,2,,,
20210316,0900,1800,N,1300,1,구정은_52718,YGL_C1(실습겸용강의실)_222802,세미 프로젝트2_추론탐색알고리즘 프로젝트 계획_8
20210317,0900,1800,N,0900,1,구정은_52718,YGL_C1(실습겸용강의실)_222802,세미 프로젝트2_스케쥴링과 인프라 구축_8
20210317,0900,1800,N,1200,2,,,
20210317,0900,1800,N,1300,1,구정은_52718,YGL_C1(실습겸용강의실)_222802,세미 프로젝트2_스케쥴링과 인프라 구축_8
20210318,0900,1800,N,0900,1,구정은_52718,YGL_C1(실습겸용강의실)_222802,세미 프로젝트2_프로젝트 기획_8
20210318,0900,1800,N,1200,2,,,
20210318,0900,1800,N,1300,1,구정은_52718,YGL_C1(실습겸용강의실)_222802,세미 프로젝트2_프로젝트 기획_8
20210319,0900,1800,N,0900,1,구정은_52718,YGL_C1(실습겸용강의실)_222802,세미 프로젝트2_프로젝트 시스템 설계_8
20210319,0900,1800,N,1200,2,,,
20210319,0900,1800,N,1300,1,구정은_52718,YGL_C1(실습겸용강의실)_222802,세미 프로젝트2_프로젝트 시스템 설계_8
20210320,0900,1800,N,0900,1,박철훈_1425143,YGL_C1(실습겸용강의실)_222802,멘토링_멘토링_6
20210320,0900,1800,N,1200,2,,,
20210320,0900,1800,N,1300,1,박철훈_1425143,YGL_C1(실습겸용강의실)_222802,멘토링_멘토링_6
20210323,0900,1800,N,0900,1,구정은_52718,YGL_C1(실습겸용강의실)_222802,세미 프로젝트2_프로젝트 개발_8
20210323,0900,1800,N,1200,2,,,
20210323,0900,1800,N,1300,1,구정은_52718,YGL_C1(실습겸용강의실)_222802,세미 프로젝트2_프로젝트 개발_8
20210324,0900,1800,N,0900,1,구정은_52718,YGL_C1(실습겸용강의실)_222802,세미 프로젝트2_프로젝트 개발_8
20210324,0900,1800,N,1200,2,,,
20210324,0900,1800,N,1300,1,구정은_52718,YGL_C1(실습겸용강의실)_222802,세미 프로젝트2_프로젝트 개발_8
20210325,0900,1800,N,0900,1,구정은_52718,YGL_C1(실습겸용강의실)_222802,세미 프로젝트2_프로젝트 테스트_8
20210325,0900,1800,N,1200,2,,,
20210325,0900,1800,N,1300,1,구정은_52718,YGL_C1(실습겸용강의실)_222802,세미 프로젝트2_프로젝트 테스트_8
20210326,0900,1800,N,0900,1,구정은_52718,YGL_C1(실습겸용강의실)_222802,세미 프로젝트2_프로젝트 테스트_8
20210326,0900,1800,N,1200,2,,,
20210326,0900,1800,N,1300,1,구정은_52718,YGL_C1(실습겸용강의실)_222802,세미 프로젝트2_프로젝트 테스트_8
20210327,0900,1800,N,0900,1,박철훈_1425143,YGL_C1(실습겸용강의실)_222802,멘토링_멘토링_6
20210327,0900,1800,N,1200,2,,,
20210327,0900,1800,N,1300,1,박철훈_1425143,YGL_C1(실습겸용강의실)_222802,멘토링_멘토링_6
20210330,0900,1800,N,0900,1,강경원_1618741,YGL_C1(실습겸용강의실)_222802,특강_특강_13
20210330,0900,1800,N,1200,2,,,
20210330,0900,1800,N,1300,1,강경원_1618741,YGL_C1(실습겸용강의실)_222802,특강_특강_13
20210331,0900,1800,N,0900,1,이미향_52666,YGL_C1(실습겸용강의실)_222802,파이널 프로젝트_데이터분석 시각화 프로젝트 계획_14
20210331,0900,1800,N,1200,2,,,
20210331,0900,1800,N,1300,1,이미향_52666,YGL_C1(실습겸용강의실)_222802,파이널 프로젝트_데이터분석 시각화 프로젝트 계획_14
20210401,0900,1800,N,0900,1,이미향_52666,YGL_C1(실습겸용강의실)_222802,파이널 프로젝트_스케줄링과 인프라 구축_14
20210401,0900,1800,N,1200,2,,,
20210401,0900,1800,N,1300,1,이미향_52666,YGL_C1(실습겸용강의실)_222802,파이널 프로젝트_스케줄링과 인프라 구축_14
20210402,0900,1800,N,0900,1,이미향_52666,YGL_C1(실습겸용강의실)_222802,파이널 프로젝트_프로젝트 기획_14
20210402,0900,1800,N,1200,2,,,
20210402,0900,1800,N,1300,1,이미향_52666,YGL_C1(실습겸용강의실)_222802,파이널 프로젝트_프로젝트 기획_14
20210403,0900,1800,N,0900,1,박철훈_1425143,YGL_C1(실습겸용강의실)_222802,멘토링_멘토링_6
20210403,0900,1800,N,1200,2,,,
20210403,0900,1800,N,1300,1,박철훈_1425143,YGL_C1(실습겸용강의실)_222802,멘토링_멘토링_6
20210406,0900,1800,N,0900,1,이미향_52666,YGL_C1(실습겸용강의실)_222802,파이널 프로젝트_프로젝트 시스템 설계_14
20210406,0900,1800,N,1200,2,,,
20210406,0900,1800,N,1300,1,이미향_52666,YGL_C1(실습겸용강의실)_222802,파이널 프로젝트_프로젝트 시스템 설계_14
20210407,0900,1800,N,0900,1,이미향_52666,YGL_C1(실습겸용강의실)_222802,파이널 프로젝트_프로젝트 시스템 설계_14
20210407,0900,1800,N,1200,2,,,
20210407,0900,1800,N,1300,1,이미향_52666,YGL_C1(실습겸용강의실)_222802,파이널 프로젝트_프로젝트 시스템 설계_14
20210408,0900,1800,N,0900,1,이미향_52666,YGL_C1(실습겸용강의실)_222802,파이널 프로젝트_프로젝트 개발_14
20210408,0900,1800,N,1200,2,,,
20210408,0900,1800,N,1300,1,이미향_52666,YGL_C1(실습겸용강의실)_222802,파이널 프로젝트_프로젝트 개발_14
20210409,0900,1800,N,0900,1,이미향_52666,YGL_C1(실습겸용강의실)_222802,파이널 프로젝트_프로젝트 개발_14
20210409,0900,1800,N,1200,2,,,
20210409,0900,1800,N,1300,1,이미향_52666,YGL_C1(실습겸용강의실)_222802,파이널 프로젝트_프로젝트 개발_14
20210410,0900,1800,N,0900,1,박철훈_1425143,YGL_C1(실습겸용강의실)_222802,멘토링_멘토링_6
20210410,0900,1800,N,1200,2,,,
20210410,0900,1800,N,1300,1,박철훈_1425143,YGL_C1(실습겸용강의실)_222802,멘토링_멘토링_6
20210413,0900,1800,N,0900,1,이미향_52666,YGL_C1(실습겸용강의실)_222802,파이널 프로젝트_프로젝트 개발_14
20210413,0900,1800,N,1200,2,,,
20210413,0900,1800,N,1300,1,이미향_52666,YGL_C1(실습겸용강의실)_222802,파이널 프로젝트_프로젝트 개발_14
20210414,0900,1800,N,0900,1,이미향_52666,YGL_C1(실습겸용강의실)_222802,파이널 프로젝트_프로젝트 개발_14
20210414,0900,1800,N,1200,2,,,
20210414,0900,1800,N,1300,1,이미향_52666,YGL_C1(실습겸용강의실)_222802,파이널 프로젝트_프로젝트 개발_14
20210415,0900,1800,N,0900,1,이미향_52666,YGL_C1(실습겸용강의실)_222802,파이널 프로젝트_프로젝트 개발_14
20210415,0900,1800,N,1200,2,,,
20210415,0900,1800,N,1300,1,이미향_52666,YGL_C1(실습겸용강의실)_222802,파이널 프로젝트_프로젝트 개발_14
20210416,0900,1800,N,0900,1,이미향_52666,YGL_C1(실습겸용강의실)_222802,파이널 프로젝트_프로젝트 테스트_14
20210416,0900,1800,N,1200,2,,,
20210416,0900,1800,N,1300,1,이미향_52666,YGL_C1(실습겸용강의실)_222802,파이널 프로젝트_프로젝트 테스트_14
20210417,0900,1800,N,0900,1,박철훈_1425143,YGL_C1(실습겸용강의실)_222802,멘토링_멘토링_6
20210417,0900,1800,N,1200,2,,,
20210417,0900,1800,N,1300,1,박철훈_1425143,YGL_C1(실습겸용강의실)_222802,멘토링_멘토링_6
20210420,0900,1800,N,0900,1,이미향_52666,YGL_C1(실습겸용강의실)_222802,파이널 프로젝트_프로젝트 테스트_14
20210420,0900,1800,N,1200,2,,,
20210420,0900,1800,N,1300,1,이미향_52666,YGL_C1(실습겸용강의실)_222802,파이널 프로젝트_프로젝트 테스트_14
20210422,0900,1800,N,0900,1,이미향_52666,YGL_C1(실습겸용강의실)_222802,기업연계 프로젝트_팀 빌딩과 프로젝트 계획_4
20210422,0900,1800,N,1200,2,,,
20210422,0900,1800,N,1300,1,이미향_52666,YGL_C1(실습겸용강의실)_222802,기업연계 프로젝트_팀 빌딩과 프로젝트 계획_4
20210423,0900,1800,N,0900,1,이미향_52666,YGL_C1(실습겸용강의실)_222802,기업연계 프로젝트_스케쥴링과 인프라 구축_4
20210423,0900,1800,N,1200,2,,,
20210423,0900,1800,N,1300,1,이미향_52666,YGL_C1(실습겸용강의실)_222802,기업연계 프로젝트_스케쥴링과 인프라 구축_4
20210424,0900,1800,N,0900,1,박철훈_1425143,YGL_C1(실습겸용강의실)_222802,멘토링_멘토링_6
20210424,0900,1800,N,1200,2,,,
20210424,0900,1800,N,1300,1,박철훈_1425143,YGL_C1(실습겸용강의실)_222802,멘토링_멘토링_6
20210427,0900,1800,N,0900,1,이미향_52666,YGL_C1(실습겸용강의실)_222802,기업연계 프로젝트_프로젝트 기획_4
20210427,0900,1800,N,1200,2,,,
20210427,0900,1800,N,1300,1,이미향_52666,YGL_C1(실습겸용강의실)_222802,기업연계 프로젝트_프로젝트 기획_4
20210428,0900,1800,N,0900,1,이미향_52666,YGL_C1(실습겸용강의실)_222802,기업연계 프로젝트_프로젝트 기획_4
20210428,0900,1800,N,1200,2,,,
20210428,0900,1800,N,1300,1,이미향_52666,YGL_C1(실습겸용강의실)_222802,기업연계 프로젝트_프로젝트 기획_4
20210429,0900,1800,N,0900,1,이미향_52666,YGL_C1(실습겸용강의실)_222802,기업연계 프로젝트_프로젝트 시스템 설계_4
20210429,0900,1800,N,1200,2,,,
20210429,0900,1800,N,1300,1,이미향_52666,YGL_C1(실습겸용강의실)_222802,기업연계 프로젝트_프로젝트 시스템 설계_4
20210430,0900,1800,N,0900,1,이미향_52666,YGL_C1(실습겸용강의실)_222802,기업연계 프로젝트_프로젝트 시스템 설계_4
20210430,0900,1800,N,1200,2,,,
20210430,0900,1800,N,1300,1,이미향_52666,YGL_C1(실습겸용강의실)_222802,기업연계 프로젝트_프로젝트 시스템 설계_4
20210501,0900,1800,N,0900,1,박철훈_1425143,YGL_C1(실습겸용강의실)_222802,멘토링_멘토링_6
20210501,0900,1800,N,1200,2,,,
20210501,0900,1800,N,1300,1,박철훈_1425143,YGL_C1(실습겸용강의실)_222802,멘토링_멘토링_6
20210504,0900,1800,N,0900,1,이미향_52666,YGL_C1(실습겸용강의실)_222802,기업연계 프로젝트_프로젝트 시스템 설계_4
20210504,0900,1800,N,1200,2,,,
20210504,0900,1800,N,1300,1,이미향_52666,YGL_C1(실습겸용강의실)_222802,기업연계 프로젝트_프로젝트 시스템 설계_4
20210506,0900,1800,N,0900,1,이미향_52666,YGL_C1(실습겸용강의실)_222802,기업연계 프로젝트_프로젝트 시스템 설계_4
20210506,0900,1800,N,1200,2,,,
20210506,0900,1800,N,1300,1,이미향_52666,YGL_C1(실습겸용강의실)_222802,기업연계 프로젝트_프로젝트 시스템 설계_4
20210507,0900,1800,N,0900,1,이미향_52666,YGL_C1(실습겸용강의실)_222802,기업연계 프로젝트_프로젝트 개발_4
20210507,0900,1800,N,1200,2,,,
20210507,0900,1800,N,1300,1,이미향_52666,YGL_C1(실습겸용강의실)_222802,기업연계 프로젝트_프로젝트 개발_4
20210508,0900,1800,N,0900,1,박철훈_1425143,YGL_C1(실습겸용강의실)_222802,멘토링_멘토링_6
20210508,0900,1800,N,1200,2,,,
20210508,0900,1800,N,1300,1,박철훈_1425143,YGL_C1(실습겸용강의실)_222802,멘토링_멘토링_6
20210511,0900,1800,N,0900,1,이미향_52666,YGL_C1(실습겸용강의실)_222802,기업연계 프로젝트_프로젝트 개발_4
20210511,0900,1800,N,1200,2,,,
20210511,0900,1800,N,1300,1,이미향_52666,YGL_C1(실습겸용강의실)_222802,기업연계 프로젝트_프로젝트 개발_4
20210512,0900,1800,N,0900,1,이미향_52666,YGL_C1(실습겸용강의실)_222802,기업연계 프로젝트_프로젝트 개발_4
20210512,0900,1800,N,1200,2,,,
20210512,0900,1800,N,1300,1,이미향_52666,YGL_C1(실습겸용강의실)_222802,기업연계 프로젝트_프로젝트 개발_4
20210513,0900,1800,N,0900,1,이미향_52666,YGL_C1(실습겸용강의실)_222802,기업연계 프로젝트_프로젝트 개발_4
20210513,0900,1800,N,1200,2,,,
20210513,0900,1800,N,1300,1,이미향_52666,YGL_C1(실습겸용강의실)_222802,기업연계 프로젝트_프로젝트 개발_4
20210514,0900,1800,N,0900,1,이미향_52666,YGL_C1(실습겸용강의실)_222802,기업연계 프로젝트_프로젝트 개발_4
20210514,0900,1800,N,1200,2,,,
20210514,0900,1800,N,1300,1,이미향_52666,YGL_C1(실습겸용강의실)_222802,기업연계 프로젝트_프로젝트 개발_4
20210515,0900,1800,N,0900,1,박철훈_1425143,YGL_C1(실습겸용강의실)_222802,멘토링_멘토링_6
20210515,0900,1800,N,1200,2,,,
20210515,0900,1800,N,1300,1,박철훈_1425143,YGL_C1(실습겸용강의실)_222802,멘토링_멘토링_6
20210518,0900,1800,N,0900,1,이미향_52666,YGL_C1(실습겸용강의실)_222802,기업연계 프로젝트_프로젝트 개발_4
20210518,0900,1800,N,1200,2,,,
20210518,0900,1800,N,1300,1,이미향_52666,YGL_C1(실습겸용강의실)_222802,기업연계 프로젝트_프로젝트 개발_4
20210520,0900,1800,N,0900,1,이미향_52666,YGL_C1(실습겸용강의실)_222802,기업연계 프로젝트_프로젝트 개발_4
20210520,0900,1800,N,1200,2,,,
20210520,0900,1800,N,1300,1,이미향_52666,YGL_C1(실습겸용강의실)_222802,기업연계 프로젝트_프로젝트 개발_4
20210521,0900,1800,N,0900,1,이미향_52666,YGL_C1(실습겸용강의실)_222802,기업연계 프로젝트_프로젝트 개발_4
20210521,0900,1800,N,1200,2,,,
20210521,0900,1800,N,1300,1,이미향_52666,YGL_C1(실습겸용강의실)_222802,기업연계 프로젝트_프로젝트 개발_4
20210522,0900,1800,N,0900,1,박철훈_1425143,YGL_C1(실습겸용강의실)_222802,멘토링_멘토링_6
20210522,0900,1800,N,1200,2,,,
20210522,0900,1800,N,1300,1,박철훈_1425143,YGL_C1(실습겸용강의실)_222802,멘토링_멘토링_6
20210525,0900,1800,N,0900,1,이미향_52666,YGL_C1(실습겸용강의실)_222802,기업연계 프로젝트_프로젝트 개발_4
20210525,0900,1800,N,1200,2,,,
20210525,0900,1800,N,1300,1,이미향_52666,YGL_C1(실습겸용강의실)_222802,기업연계 프로젝트_프로젝트 개발_4
20210526,0900,1800,N,0900,1,이미향_52666,YGL_C1(실습겸용강의실)_222802,기업연계 프로젝트_프로젝트 개발_4
20210526,0900,1800,N,1200,2,,,
20210526,0900,1800,N,1300,1,이미향_52666,YGL_C1(실습겸용강의실)_222802,기업연계 프로젝트_프로젝트 개발_4
20210527,0900,1800,N,0900,1,이미향_52666,YGL_C1(실습겸용강의실)_222802,기업연계 프로젝트_프로젝트 테스트_4
20210527,0900,1800,N,1200,2,,,
20210527,0900,1800,N,1300,1,이미향_52666,YGL_C1(실습겸용강의실)_222802,기업연계 프로젝트_프로젝트 테스트_4
20210528,0900,1800,N,0900,1,이미향_52666,YGL_C1(실습겸용강의실)_222802,기업연계 프로젝트_프로젝트 테스트_4
20210528,0900,1800,N,1200,2,,,
20210528,0900,1800,N,1300,1,이미향_52666,YGL_C1(실습겸용강의실)_222802,기업연계 프로젝트_프로젝트 테스트_4
